Order ID,Date ID,Product ID,Customer ID,Location ID
1,1,1,1,
2,2,1,2,
3,3,1,3,
4,4,1,4,
5,5,1,5,
6,6,1,6,
7,7,1,7,
8,8,1,8,
9,9,1,9,
10,10,1,10,
11,11,1,11,
12,12,1,12,
13,13,1,13,
14,14,1,14,
15,15,1,15,
16,16,1,16,
17,17,1,17,
18,18,1,18,
19,19,1,19,
20,20,1,1,
21,21,1,20,
22,22,1,21,
23,23,1,15,
24,24,1,22,
25,25,1,23,
26,26,1,24,
27,27,2,18,
28,28,2,25,
29,29,2,26,
30,30,2,6,
31,31,2,27,
32,32,2,28,
33,33,2,29,
34,34,2,30,
35,35,2,31,
36,36,2,32,
37,37,2,33,
38,38,2,34,
39,39,2,35,
40,40,2,36,
41,41,2,21,
42,42,2,37,
43,43,2,38,
44,44,2,39,
45,45,2,40,
46,46,2,41,
47,47,2,9,
48,48,2,11,
49,49,2,40,
50,50,2,42,
51,51,2,5,
52,52,2,43,
53,53,2,44,
54,54,2,24,
55,1,3,1,
56,55,3,11,
57,3,3,3,
58,4,3,4,
59,5,3,5,
60,6,3,6,
61,7,3,7,
62,8,3,8,
63,9,3,9,
64,56,3,45,
65,11,3,11,
66,57,3,46,
67,13,3,13,
68,14,3,14,
69,15,3,15,
70,16,3,16,
71,58,3,47,
72,18,3,48,
73,19,3,19,
74,20,3,1,
75,59,3,36,
76,22,3,21,
77,60,3,29,
78,24,3,22,
79,61,3,10,
80,26,3,24,
81,1,4,1,
82,55,4,11,
83,3,4,3,
84,4,4,4,
85,5,4,5,
86,6,4,6,
87,7,4,7,
88,8,4,8,
89,9,4,9,
90,56,4,45,
91,11,4,11,
92,12,4,12,
93,13,4,13,
94,14,4,14,
95,15,4,15,
96,16,4,16,
97,17,4,17,
98,18,4,48,
99,19,4,19,
100,20,4,1,
101,59,4,36,
102,62,4,6,
103,60,4,29,
104,24,4,22,
105,25,4,23,
106,26,4,24,
107,63,5,49,
108,64,5,20,
109,65,5,50,
110,66,5,51,
111,67,5,17,
112,68,5,38,
113,69,5,52,
114,70,5,53,
115,71,5,54,
116,72,5,55,
117,73,5,56,
118,74,5,1,
119,75,5,44,
120,76,5,57,
121,77,5,58,
122,78,5,59,
123,79,5,30,
124,80,5,60,
125,81,5,18,
126,82,5,28,
127,83,5,24,
128,84,5,2,
129,85,5,61,
130,86,5,5,
131,87,5,3,
132,88,5,62,
133,89,5,59,
134,27,6,18,
135,90,6,63,
136,29,6,26,
137,30,6,6,
138,31,6,27,
139,91,6,64,
140,33,6,50,
141,34,6,30,
142,35,6,31,
143,92,6,65,
144,93,6,66,
145,94,6,40,
146,39,6,35,
147,40,6,66,
148,41,6,21,
149,95,6,19,
150,43,6,38,
151,96,6,16,
152,97,6,32,
153,46,6,41,
154,98,6,25,
155,48,6,11,
156,49,6,40,
157,50,6,43,
158,51,6,5,
159,52,6,43,
160,53,6,44,
161,54,6,15,
162,99,7,67,
163,100,7,68,
164,101,7,40,
165,102,7,42,
166,5,7,5,
167,103,7,43,
168,104,7,8,
169,105,7,69,
170,106,7,24,
171,10,7,10,
172,107,7,70,
173,108,7,49,
174,109,7,23,
175,110,7,71,
176,111,7,72,
177,112,7,70,
178,113,7,73,
179,114,7,69,
180,115,7,25,
181,20,7,1,
182,21,7,20,
183,116,7,74,
184,23,7,15,
185,24,7,38,
186,117,7,20,
187,63,8,49,
188,118,8,27,
189,119,8,75,
190,120,8,40,
191,121,8,24,
192,122,8,27,
193,33,8,71,
194,70,8,51,
195,71,8,35,
196,123,8,31,
197,124,8,76,
198,125,8,77,
199,126,8,74,
200,127,8,19,
201,77,8,40,
202,128,8,37,
203,79,8,78,
204,97,8,79,
205,81,8,18,
206,129,8,63,
207,80,8,26,
208,84,8,2,
209,130,8,40,
210,51,8,40,
211,87,8,3,
212,131,8,14,
213,27,9,18,
214,132,9,40,
215,29,9,26,
216,30,9,6,
217,31,9,27,
218,91,9,64,
219,33,9,29,
220,34,9,30,
221,35,9,31,
222,36,9,32,
223,133,9,39,
224,94,9,40,
225,39,9,35,
226,40,9,36,
227,41,9,21,
228,95,9,19,
229,43,9,38,
230,44,9,39,
231,97,9,32,
232,46,9,41,
233,47,9,9,
234,48,9,11,
235,49,9,40,
236,50,9,43,
237,51,9,5,
238,52,9,43,
239,53,9,44,
240,54,9,24,
241,1,10,1,
242,2,10,2,
243,3,10,3,
244,4,10,4,
245,5,10,5,
246,103,10,43,
247,7,10,7,
248,8,10,4,
249,9,10,9,
250,10,10,10,
251,134,10,7,
252,12,10,12,
253,13,10,13,
254,14,10,14,
255,111,10,72,
256,16,10,16,
257,17,10,17,
258,18,10,18,
259,115,10,80,
260,20,10,1,
261,21,10,20,
262,62,10,6,
263,23,10,15,
264,24,10,22,
265,25,10,23,
266,26,10,24,
267,135,11,24,
268,118,11,27,
269,119,11,75,
270,120,11,40,
271,121,11,24,
272,122,11,27,
273,33,11,71,
274,70,11,51,
275,71,11,35,
276,123,11,31,
277,124,11,76,
278,136,11,73,
279,126,11,74,
280,127,11,19,
281,77,11,40,
282,128,11,37,
283,79,11,78,
284,97,11,79,
285,81,11,12,
286,129,11,63,
287,80,11,26,
288,49,11,24,
289,137,11,36,
290,51,11,40,
291,131,11,14,
292,99,12,67,
293,100,12,68,
294,101,12,40,
295,102,12,42,
296,138,12,55,
297,103,12,64,
298,104,12,8,
299,105,12,69,
300,106,12,24,
301,139,12,24,
302,107,12,70,
303,108,12,49,
304,109,12,23,
305,110,12,71,
306,111,12,72,
307,112,12,70,
308,113,12,73,
309,114,12,69,
310,115,12,25,
311,20,12,1,
312,21,12,20,
313,116,12,74,
314,140,12,81,
315,24,12,38,
316,117,12,20,
317,63,13,49,
318,118,13,27,
319,119,13,75,
320,120,13,40,
321,121,13,24,
322,122,13,27,
323,33,13,71,
324,70,13,51,
325,71,13,35,
326,123,13,31,
327,124,13,76,
328,125,13,77,
329,126,13,74,
330,127,13,19,
331,77,13,40,
332,128,13,37,
333,79,13,78,
334,97,13,79,
335,81,13,18,
336,129,13,63,
337,141,13,75,
338,84,13,2,
339,137,13,36,
340,51,13,40,
341,142,13,40,
342,131,13,14,
343,99,14,67,
344,100,14,68,
345,101,14,40,
346,102,14,42,
347,5,14,5,
348,103,14,43,
349,104,14,8,
350,105,14,69,
351,106,14,24,
352,10,14,10,
353,107,14,70,
354,108,14,49,
355,109,14,23,
356,110,14,71,
357,111,14,72,
358,112,14,70,
359,113,14,73,
360,114,14,69,
361,115,14,25,
362,20,14,1,
363,21,14,20,
364,116,14,74,
365,143,14,17,
366,24,14,38,
367,117,14,20,
368,135,15,24,
369,144,15,28,
370,119,15,75,
371,145,15,74,
372,146,15,61,
373,122,15,27,
374,33,15,50,
375,70,15,82,
376,35,15,48,
377,92,15,65,
378,147,15,83,
379,94,15,40,
380,126,15,24,
381,40,15,66,
382,127,15,40,
383,95,15,19,
384,43,15,1,
385,96,15,16,
386,97,15,79,
387,81,15,12,
388,129,15,63,
389,141,15,75,
390,49,15,24,
391,130,15,40,
392,51,15,40,
393,148,15,24,
394,54,15,15,
395,99,16,67,
396,100,16,68,
397,101,16,40,
398,102,16,42,
399,138,16,55,
400,103,16,64,
401,104,16,8,
402,105,16,41,
403,106,16,24,
404,139,16,24,
405,107,16,70,
406,149,16,61,
407,109,16,23,
408,110,16,71,
409,150,16,27,
410,112,16,70,
411,113,16,73,
412,114,16,69,
413,46,16,22,
414,20,16,1,
415,21,16,20,
416,116,16,74,
417,143,16,17,
418,24,16,38,
419,151,16,84,
420,117,16,20,
421,27,17,18,
422,132,17,40,
423,29,17,26,
424,30,17,6,
425,31,17,27,
426,91,17,64,
427,33,17,29,
428,34,17,30,
429,35,17,31,
430,36,17,32,
431,37,17,33,
432,38,17,34,
433,39,17,35,
434,40,17,36,
435,41,17,21,
436,42,17,37,
437,43,17,38,
438,44,17,39,
439,45,17,40,
440,46,17,41,
441,47,17,9,
442,48,17,11,
443,49,17,40,
444,50,17,43,
445,51,17,5,
446,52,17,43,
447,53,17,44,
448,54,17,24,
449,152,18,46,
450,100,18,68,
451,153,18,52,
452,154,18,43,
453,155,18,79,
454,156,18,44,
455,104,18,8,
456,105,18,41,
457,106,18,75,
458,139,18,24,
459,107,18,70,
460,157,18,45,
461,109,18,23,
462,110,18,71,
463,158,18,85,
464,112,18,70,
465,159,18,86,
466,114,18,69,
467,46,18,22,
468,160,18,46,
469,21,18,11,
470,161,18,3,
471,162,18,51,
472,143,18,17,
473,163,18,40,
474,164,18,49,
475,117,18,20,
476,165,19,12,
477,166,19,9,
478,167,19,11,
479,168,19,21,
480,169,19,83,
481,170,19,5,
482,156,19,87,
483,104,19,40,
484,171,19,88,
485,172,19,24,
486,37,19,33,
487,173,19,31,
488,174,19,24,
489,175,19,49,
490,42,19,37,
491,176,19,8,
492,44,19,39,
493,45,19,40,
494,46,19,41,
495,160,19,78,
496,48,19,85,
497,161,19,3,
498,50,19,42,
499,177,19,24,
500,52,19,43,
501,178,19,19,
502,165,20,12,
503,166,20,9,
504,29,20,26,
505,168,20,21,
506,169,20,83,
507,170,20,5,
508,156,20,87,
509,104,20,40,
510,171,20,88,
511,172,20,24,
512,37,20,33,
513,173,20,31,
514,174,20,24,
515,175,20,49,
516,42,20,37,
517,176,20,8,
518,44,20,39,
519,45,20,40,
520,46,20,41,
521,160,20,78,
522,48,20,11,
523,161,20,3,
524,50,20,42,
525,51,20,5,
526,52,20,43,
527,178,20,19,
528,179,21,78,
529,180,21,47,
530,181,21,2,
531,154,21,43,
532,155,21,79,
533,156,21,14,
534,104,21,8,
535,105,21,41,
536,106,21,75,
537,139,21,24,
538,182,21,56,
539,157,21,84,
540,109,21,23,
541,110,21,71,
542,158,21,85,
543,183,21,66,
544,159,21,86,
545,114,21,24,
546,46,21,22,
547,160,21,46,
548,21,21,2,
549,184,21,4,
550,185,21,24,
551,186,21,62,
552,117,21,20,
553,187,22,87,
554,64,22,20,
555,188,22,89,
556,66,22,51,
557,67,22,17,
558,68,22,38,
559,69,22,52,
560,70,22,53,
561,189,22,67,
562,56,22,45,
563,73,22,56,
564,190,22,62,
565,191,22,24,
566,76,22,42,
567,192,22,86,
568,193,22,90,
569,79,22,30,
570,80,22,60,
571,194,22,49,
572,195,22,91,
573,196,22,50,
574,85,22,61,
575,197,22,24,
576,198,22,2,
577,88,22,62,
578,199,22,71,
579,200,23,41,
580,179,23,78,
581,167,23,85,
582,169,23,83,
583,170,23,5,
584,156,23,87,
585,104,23,40,
586,171,23,88,
587,106,23,75,
588,201,23,26,
589,173,23,31,
590,157,23,84,
591,42,23,37,
592,183,23,66,
593,67,23,23,
594,45,23,40,
595,160,23,46,
596,202,23,68,
597,184,23,4,
598,185,23,24,
599,186,23,62,
600,203,23,21,
601,99,24,67,
602,100,24,68,
603,101,24,40,
604,102,24,42,
605,138,24,55,
606,103,24,64,
607,104,24,8,
608,105,24,41,
609,106,24,24,
610,139,24,24,
611,107,24,70,
612,149,24,61,
613,109,24,23,
614,110,24,71,
615,158,24,85,
616,112,24,70,
617,113,24,73,
618,114,24,69,
619,46,24,22,
620,20,24,1,
621,21,24,11,
622,116,24,74,
623,143,24,17,
624,24,24,38,
625,151,24,84,
626,117,24,20,
627,152,25,46,
628,100,25,68,
629,153,25,52,
630,154,25,43,
631,155,25,79,
632,156,25,44,
633,104,25,8,
634,105,25,41,
635,106,25,75,
636,139,25,24,
637,182,25,56,
638,157,25,45,
639,109,25,23,
640,110,25,71,
641,158,25,85,
642,112,25,70,
643,159,25,86,
644,114,25,69,
645,46,25,22,
646,160,25,46,
647,21,25,11,
648,161,25,3,
649,204,25,91,
650,143,25,17,
651,163,25,40,
652,164,25,49,
653,117,25,20,
654,135,26,24,
655,144,26,28,
656,119,26,75,
657,145,26,74,
658,146,26,61,
659,122,26,27,
660,33,26,71,
661,70,26,82,
662,35,26,48,
663,92,26,65,
664,147,26,83,
665,136,26,73,
666,126,26,24,
667,40,26,66,
668,127,26,40,
669,77,26,40,
670,43,26,1,
671,96,26,16,
672,97,26,79,
673,81,26,12,
674,129,26,63,
675,141,26,75,
676,49,26,24,
677,130,26,40,
678,51,26,40,
679,148,26,24,
680,54,26,15,
681,200,27,41,
682,179,27,78,
683,167,27,85,
684,169,27,83,
685,170,27,5,
686,156,27,87,
687,104,27,40,
688,171,27,88,
689,106,27,75,
690,201,27,26,
691,173,27,31,
692,157,27,84,
693,42,27,37,
694,183,27,66,
695,205,27,82,
696,45,27,40,
697,160,27,78,
698,202,27,68,
699,184,27,4,
700,185,27,24,
701,186,27,62,
702,203,27,21,
703,135,28,24,
704,90,28,63,
705,119,28,75,
706,145,28,74,
707,146,28,61,
708,122,28,27,
709,33,28,50,
710,70,28,82,
711,35,28,48,
712,92,28,65,
713,94,28,40,
714,126,28,24,
715,40,28,66,
716,127,28,40,
717,95,28,19,
718,43,28,1,
719,96,28,16,
720,97,28,32,
721,81,28,12,
722,98,28,25,
723,141,28,75,
724,49,28,24,
725,50,28,43,
726,206,28,24,
727,148,28,24,
728,54,28,15,
729,207,29,73,
730,179,29,78,
731,167,29,85,
732,169,29,83,
733,170,29,5,
734,156,29,87,
735,104,29,40,
736,171,29,88,
737,106,29,75,
738,201,29,26,
739,173,29,31,
740,208,29,65,
741,42,29,37,
742,183,29,66,
743,44,29,39,
744,45,29,40,
745,46,29,41,
746,160,29,78,
747,202,29,68,
748,161,29,3,
749,184,29,4,
750,177,29,24,
751,163,29,40,
752,209,29,66,
753,203,29,21,
754,27,30,18,
755,90,30,63,
756,29,30,26,
757,30,30,6,
758,146,30,61,
759,122,30,27,
760,33,30,50,
761,70,30,82,
762,35,30,31,
763,92,30,65,
764,93,30,66,
765,94,30,40,
766,126,30,24,
767,40,30,66,
768,127,30,40,
769,95,30,19,
770,43,30,38,
771,96,30,16,
772,97,30,32,
773,46,30,41,
774,98,30,25,
775,48,30,11,
776,49,30,40,
777,50,30,43,
778,51,30,5,
779,52,30,43,
780,148,30,24,
781,54,30,15,
782,187,31,87,
783,55,31,11,
784,210,31,24,
785,4,31,4,
786,6,31,6,
787,56,31,45,
788,11,31,11,
789,211,31,58,
790,190,31,62,
791,14,31,14,
792,15,31,15,
793,192,31,86,
794,212,31,76,
795,18,31,48,
796,19,31,19,
797,194,31,49,
798,59,31,36,
799,213,31,89,
800,60,31,29,
801,197,31,24,
802,198,31,2,
803,214,31,13,
804,199,31,71,
805,1,32,1,
806,55,32,11,
807,3,32,3,
808,4,32,4,
809,5,32,5,
810,6,32,6,
811,7,32,7,
812,8,32,8,
813,9,32,9,
814,56,32,45,
815,11,32,11,
816,57,32,46,
817,13,32,13,
818,14,32,14,
819,15,32,15,
820,16,32,16,
821,58,32,47,
822,18,32,48,
823,19,32,19,
824,20,32,1,
825,59,32,36,
826,62,32,6,
827,60,32,29,
828,24,32,38,
829,61,32,10,
830,26,32,24,
831,207,33,73,
832,179,33,78,
833,167,33,11,
834,168,33,21,
835,169,33,83,
836,170,33,5,
837,156,33,87,
838,104,33,40,
839,171,33,88,
840,172,33,24,
841,201,33,26,
842,173,33,31,
843,174,33,24,
844,215,33,84,
845,42,33,37,
846,176,33,8,
847,44,33,39,
848,45,33,40,
849,46,33,41,
850,160,33,78,
851,48,33,11,
852,161,33,3,
853,184,33,4,
854,177,33,24,
855,163,33,40,
856,203,33,40,
857,152,34,46,
858,180,34,47,
859,181,34,2,
860,154,34,43,
861,155,34,79,
862,156,34,14,
863,104,34,8,
864,105,34,41,
865,106,34,75,
866,139,34,24,
867,182,34,56,
868,157,34,84,
869,109,34,23,
870,110,34,71,
871,158,34,85,
872,112,34,70,
873,159,34,86,
874,114,34,24,
875,46,34,22,
876,160,34,46,
877,21,34,2,
878,204,34,91,
879,185,34,24,
880,186,34,62,
881,117,34,20,
882,27,35,18,
883,28,35,25,
884,29,35,26,
885,168,35,21,
886,31,35,27,
887,32,35,28,
888,33,35,29,
889,34,35,30,
890,171,35,88,
891,36,35,32,
892,37,35,33,
893,38,35,34,
894,174,35,24,
895,216,35,62,
896,41,35,21,
897,42,35,37,
898,43,35,38,
899,44,35,39,
900,45,35,40,
901,46,35,41,
902,47,35,9,
903,48,35,11,
904,49,35,40,
905,50,35,42,
906,51,35,5,
907,52,35,43,
908,178,35,57,
909,27,36,18,
910,166,36,9,
911,29,36,26,
912,168,36,21,
913,31,36,27,
914,32,36,28,
915,156,36,87,
916,34,36,30,
917,171,36,88,
918,36,36,32,
919,37,36,33,
920,38,36,34,
921,174,36,24,
922,216,36,62,
923,217,36,20,
924,42,36,37,
925,43,36,38,
926,44,36,39,
927,45,36,40,
928,46,36,41,
929,160,36,78,
930,48,36,11,
931,49,36,40,
932,50,36,42,
933,51,36,5,
934,218,36,64,
935,178,36,57,
936,187,37,87,
937,64,37,20,
938,188,37,92,
939,66,37,51,
940,67,37,17,
941,68,37,38,
942,69,37,52,
943,70,37,53,
944,71,37,54,
945,72,37,55,
946,73,37,56,
947,74,37,1,
948,191,37,24,
949,76,37,57,
950,77,37,58,
951,193,37,90,
952,79,37,30,
953,80,37,60,
954,194,37,49,
955,195,37,91,
956,83,37,24,
957,85,37,61,
958,197,37,24,
959,198,37,2,
960,88,37,62,
961,89,37,59,
962,27,38,18,
963,166,38,9,
964,29,38,26,
965,168,38,21,
966,31,38,27,
967,32,38,28,
968,156,38,87,
969,34,38,30,
970,171,38,88,
971,36,38,32,
972,37,38,33,
973,38,38,34,
974,174,38,24,
975,216,38,62,
976,41,38,21,
977,42,38,37,
978,43,38,38,
979,44,38,39,
980,45,38,40,
981,46,38,41,
982,160,38,78,
983,48,38,11,
984,49,38,40,
985,50,38,42,
986,51,38,5,
987,218,38,64,
988,178,38,57,
989,63,39,49,
990,118,39,27,
991,219,39,24,
992,120,39,40,
993,121,39,24,
994,91,39,22,
995,220,39,77,
996,70,39,51,
997,71,39,35,
998,123,39,31,
999,221,39,57,
1000,222,39,60,
1001,74,39,1,
1002,76,39,57,
1003,77,39,40,
1004,128,39,37,
1005,79,39,78,
1006,97,39,79,
1007,81,39,18,
1008,129,39,63,
1009,83,39,24,
1010,137,39,36,
1011,206,39,24,
1012,142,39,40,
1013,89,39,59,
1014,135,40,24,
1015,152,40,46,
1016,90,40,63,
1017,100,40,68,
1018,119,40,75,
1019,153,40,52,
1020,145,40,74,
1021,154,40,43,
1022,146,40,61,
1023,138,40,55,
1024,122,40,27,
1025,156,40,44,
1026,33,40,50,
1027,104,40,8,
1028,70,40,82,
1029,105,40,41,
1030,35,40,48,
1031,106,40,24,
1032,92,40,65,
1033,139,40,24,
1034,107,40,70,
1035,94,40,40,
1036,149,40,61,
1037,126,40,24,
1038,109,40,23,
1039,40,40,66,
1040,110,40,71,
1041,127,40,40,
1042,158,40,85,
1043,95,40,19,
1044,112,40,70,
1045,43,40,1,
1046,159,40,86,
1047,96,40,16,
1048,114,40,69,
1049,97,40,32,
1050,46,40,22,
1051,81,40,12,
1052,160,40,46,
1053,98,40,25,
1054,21,40,11,
1055,141,40,75,
1056,49,40,24,
1057,204,40,91,
1058,50,40,43,
1059,143,40,17,
1060,206,40,24,
1061,223,40,24,
1062,151,40,84,
1063,148,40,24,
1064,117,40,20,
1065,54,40,15,
1066,63,41,49,
1067,118,41,27,
1068,219,41,24,
1069,120,41,40,
1070,121,41,24,
1071,122,41,27,
1072,220,41,77,
1073,70,41,51,
1074,71,41,35,
1075,123,41,31,
1076,221,41,57,
1077,222,41,60,
1078,74,41,1,
1079,76,41,57,
1080,77,41,40,
1081,128,41,37,
1082,79,41,78,
1083,97,41,79,
1084,224,41,25,
1085,129,41,63,
1086,83,41,24,
1087,137,41,36,
1088,206,41,24,
1089,142,41,40,
1090,89,41,59,
1091,99,42,67,
1092,100,42,68,
1093,101,42,40,
1094,102,42,42,
1095,5,42,5,
1096,103,42,43,
1097,104,42,8,
1098,105,42,69,
1099,106,42,24,
1100,10,42,10,
1101,107,42,70,
1102,108,42,49,
1103,225,42,10,
1104,226,42,88,
1105,111,42,72,
1106,112,42,70,
1107,113,42,73,
1108,114,42,69,
1109,115,42,80,
1110,20,42,1,
1111,21,42,11,
1112,116,42,74,
1113,185,42,24,
1114,163,42,40,
1115,27,43,18,
1116,166,43,9,
1117,29,43,26,
1118,168,43,21,
1119,169,43,83,
1120,32,43,28,
1121,156,43,87,
1122,104,43,40,
1123,171,43,88,
1124,36,43,32,
1125,37,43,33,
1126,173,43,31,
1127,174,43,24,
1128,216,43,62,
1129,42,43,37,
1130,227,43,92,
1131,44,43,39,
1132,45,43,40,
1133,81,43,73,
1134,47,43,9,
1135,48,43,11,
1136,49,43,40,
1137,50,43,42,
1138,51,43,40,
1139,218,43,64,
1140,178,43,57,
1141,99,44,67,
1142,100,44,68,
1143,101,44,40,
1144,102,44,42,
1145,5,44,5,
1146,103,44,43,
1147,104,44,8,
1148,105,44,69,
1149,106,44,24,
1150,10,44,10,
1151,107,44,70,
1152,108,44,49,
1153,225,44,10,
1154,226,44,88,
1155,111,44,72,
1156,112,44,70,
1157,113,44,73,
1158,114,44,69,
1159,115,44,25,
1160,228,44,67,
1161,21,44,11,
1162,229,44,24,
1163,116,44,74,
1164,185,44,24,
1165,163,44,40,
1166,152,45,46,
1167,180,45,47,
1168,181,45,2,
1169,154,45,43,
1170,155,45,79,
1171,156,45,14,
1172,104,45,8,
1173,105,45,41,
1174,106,45,75,
1175,139,45,24,
1176,182,45,56,
1177,157,45,45,
1178,109,45,23,
1179,110,45,71,
1180,158,45,85,
1181,112,45,70,
1182,159,45,86,
1183,114,45,24,
1184,46,45,22,
1185,160,45,46,
1186,21,45,2,
1187,184,45,4,
1188,185,45,24,
1189,164,45,49,
1190,117,45,20,
1191,99,46,67,
1192,100,46,68,
1193,101,46,40,
1194,230,46,89,
1195,5,46,5,
1196,103,46,43,
1197,7,46,7,
1198,105,46,69,
1199,10,46,10,
1200,134,46,7,
1201,12,46,12,
1202,225,46,10,
1203,231,46,59,
1204,111,46,72,
1205,232,46,63,
1206,17,46,17,
1207,114,46,69,
1208,115,46,80,
1209,228,46,67,
1210,21,46,11,
1211,229,46,24,
1212,116,46,74,
1213,185,46,24,
1214,163,46,40,
1215,25,46,23,
1216,187,47,87,
1217,64,47,20,
1218,188,47,92,
1219,66,47,51,
1220,67,47,17,
1221,68,47,38,
1222,69,47,52,
1223,70,47,53,
1224,71,47,54,
1225,72,47,55,
1226,73,47,56,
1227,233,47,34,
1228,191,47,24,
1229,76,47,57,
1230,77,47,58,
1231,193,47,90,
1232,79,47,30,
1233,80,47,60,
1234,234,47,87,
1235,195,47,91,
1236,196,47,50,
1237,85,47,61,
1238,197,47,24,
1239,198,47,2,
1240,88,47,62,
1241,235,47,88,
1242,135,48,24,
1243,118,48,27,
1244,119,48,75,
1245,120,48,40,
1246,236,48,29,
1247,122,48,27,
1248,33,48,71,
1249,70,48,51,
1250,71,48,35,
1251,92,48,65,
1252,124,48,76,
1253,136,48,73,
1254,126,48,74,
1255,127,48,19,
1256,77,48,40,
1257,43,48,1,
1258,79,48,78,
1259,97,48,79,
1260,81,48,12,
1261,82,48,28,
1262,141,48,75,
1263,49,48,24,
1264,137,48,36,
1265,206,48,24,
1266,223,48,24,
1267,131,48,14,
1268,200,49,41,
1269,179,49,78,
1270,167,49,85,
1271,154,49,43,
1272,170,49,5,
1273,156,49,87,
1274,104,49,40,
1275,171,49,88,
1276,106,49,75,
1277,237,49,53,
1278,173,49,31,
1279,157,49,84,
1280,42,49,37,
1281,183,49,66,
1282,67,49,23,
1283,114,49,24,
1284,160,49,78,
1285,202,49,68,
1286,184,49,4,
1287,177,49,24,
1288,186,49,62,
1289,203,49,21,
1290,63,50,49,
1291,118,50,27,
1292,219,50,24,
1293,120,50,40,
1294,121,50,24,
1295,91,50,22,
1296,220,50,77,
1297,70,50,51,
1298,71,50,54,
1299,123,50,31,
1300,221,50,57,
1301,222,50,60,
1302,74,50,1,
1303,75,50,44,
1304,76,50,57,
1305,77,50,58,
1306,128,50,37,
1307,79,50,78,
1308,238,50,15,
1309,224,50,25,
1310,82,50,28,
1311,83,50,24,
1312,137,50,36,
1313,206,50,24,
1314,142,50,40,
1315,89,50,59,
1316,27,51,18,
1317,90,51,63,
1318,29,51,26,
1319,30,51,6,
1320,31,51,27,
1321,91,51,64,
1322,33,51,50,
1323,34,51,30,
1324,35,51,31,
1325,92,51,65,
1326,93,51,66,
1327,94,51,40,
1328,39,51,35,
1329,40,51,66,
1330,41,51,21,
1331,95,51,19,
1332,43,51,38,
1333,96,51,16,
1334,97,51,32,
1335,81,51,73,
1336,98,51,25,
1337,48,51,11,
1338,49,51,40,
1339,50,51,43,
1340,51,51,40,
1341,53,51,44,
1342,54,51,15,
1343,27,52,18,
1344,132,52,40,
1345,29,52,26,
1346,30,52,6,
1347,31,52,27,
1348,91,52,64,
1349,33,52,29,
1350,34,52,30,
1351,35,52,31,
1352,36,52,32,
1353,37,52,33,
1354,94,52,40,
1355,39,52,35,
1356,40,52,36,
1357,41,52,21,
1358,95,52,19,
1359,43,52,38,
1360,44,52,39,
1361,45,52,40,
1362,81,52,12,
1363,47,52,9,
1364,80,52,26,
1365,49,52,24,
1366,50,52,43,
1367,51,52,40,
1368,53,52,44,
1369,54,52,24,
1370,99,53,67,
1371,100,53,68,
1372,101,53,40,
1373,230,53,89,
1374,5,53,5,
1375,103,53,43,
1376,7,53,7,
1377,105,53,69,
1378,10,53,10,
1379,107,53,70,
1380,108,53,49,
1381,225,53,10,
1382,231,53,59,
1383,111,53,72,
1384,112,53,70,
1385,17,53,17,
1386,114,53,69,
1387,115,53,80,
1388,228,53,67,
1389,21,53,11,
1390,229,53,24,
1391,116,53,74,
1392,185,53,24,
1393,163,53,40,
1394,179,54,78,
1395,167,54,85,
1396,154,54,43,
1397,155,54,79,
1398,156,54,87,
1399,104,54,40,
1400,171,54,88,
1401,106,54,75,
1402,237,54,53,
1403,173,54,31,
1404,157,54,84,
1405,239,54,75,
1406,240,54,24,
1407,183,54,66,
1408,67,54,23,
1409,114,54,24,
1410,160,54,78,
1411,202,54,68,
1412,184,54,4,
1413,177,54,24,
1414,186,54,62,
1415,203,54,21,
1416,179,55,78,
1417,167,55,85,
1418,154,55,43,
1419,155,55,79,
1420,156,55,14,
1421,104,55,40,
1422,105,55,41,
1423,106,55,75,
1424,139,55,24,
1425,182,55,56,
1426,157,55,84,
1427,239,55,75,
1428,240,55,24,
1429,183,55,66,
1430,159,55,86,
1431,114,55,24,
1432,46,55,22,
1433,160,55,78,
1434,202,55,68,
1435,184,55,4,
1436,177,55,24,
1437,186,55,62,
1438,203,55,21,
1439,135,56,24,
1440,144,56,28,
1441,119,56,75,
1442,145,56,74,
1443,236,56,29,
1444,122,56,27,
1445,33,56,71,
1446,70,56,82,
1447,35,56,48,
1448,92,56,65,
1449,124,56,76,
1450,136,56,73,
1451,126,56,24,
1452,40,56,66,
1453,127,56,40,
1454,77,56,40,
1455,43,56,1,
1456,96,56,16,
1457,97,56,79,
1458,81,56,12,
1459,129,56,63,
1460,141,56,75,
1461,49,56,24,
1462,130,56,40,
1463,206,56,24,
1464,223,56,24,
1465,148,56,24,
1466,54,56,15,
1467,1,57,1,
1468,55,57,11,
1469,3,57,3,
1470,4,57,4,
1471,5,57,5,
1472,6,57,6,
1473,7,57,7,
1474,8,57,8,
1475,9,57,9,
1476,10,57,10,
1477,11,57,11,
1478,12,57,12,
1479,13,57,13,
1480,14,57,14,
1481,15,57,15,
1482,16,57,16,
1483,17,57,17,
1484,18,57,18,
1485,19,57,19,
1486,20,57,1,
1487,59,57,36,
1488,62,57,6,
1489,60,57,29,
1490,24,57,38,
1491,25,57,23,
1492,26,57,24,
1493,179,58,78,
1494,180,58,47,
1495,181,58,2,
1496,154,58,43,
1497,155,58,79,
1498,156,58,14,
1499,104,58,8,
1500,105,58,41,
1501,106,58,75,
1502,139,58,24,
1503,182,58,56,
1504,157,58,84,
1505,110,58,71,
1506,158,58,85,
1507,183,58,66,
1508,159,58,86,
1509,114,58,24,
1510,46,58,22,
1511,160,58,78,
1512,21,58,2,
1513,184,58,4,
1514,185,58,24,
1515,186,58,62,
1516,203,58,21,
1517,187,59,87,
1518,55,59,11,
1519,210,59,24,
1520,4,59,4,
1521,6,59,6,
1522,56,59,45,
1523,11,59,11,
1524,211,59,58,
1525,190,59,62,
1526,191,59,24,
1527,15,59,15,
1528,192,59,86,
1529,212,59,76,
1530,18,59,48,
1531,80,59,60,
1532,234,59,87,
1533,59,59,36,
1534,213,59,89,
1535,60,59,29,
1536,197,59,24,
1537,198,59,2,
1538,214,59,13,
1539,199,59,71,
1540,207,60,73,
1541,179,60,78,
1542,167,60,85,
1543,169,60,83,
1544,170,60,5,
1545,156,60,87,
1546,104,60,40,
1547,171,60,88,
1548,172,60,24,
1549,201,60,26,
1550,173,60,31,
1551,208,60,65,
1552,42,60,37,
1553,183,60,66,
1554,44,60,39,
1555,45,60,40,
1556,46,60,41,
1557,160,60,78,
1558,202,60,68,
1559,161,60,3,
1560,184,60,4,
1561,177,60,24,
1562,52,60,43,
1563,209,60,66,
1564,203,60,21,
1565,1,61,1,
1566,55,61,11,
1567,3,61,3,
1568,4,61,4,
1569,5,61,18,
1570,6,61,6,
1571,7,61,7,
1572,8,61,8,
1573,9,61,9,
1574,56,61,45,
1575,11,61,11,
1576,57,61,46,
1577,190,61,62,
1578,14,61,14,
1579,15,61,15,
1580,16,61,16,
1581,212,61,76,
1582,18,61,48,
1583,19,61,19,
1584,20,61,1,
1585,21,61,54,
1586,116,61,74,
1587,23,61,15,
1588,24,61,38,
1589,61,61,10,
1590,199,61,71,
1591,63,62,49,
1592,118,62,27,
1593,65,62,50,
1594,120,62,40,
1595,121,62,24,
1596,68,62,38,
1597,220,62,77,
1598,70,62,51,
1599,71,62,54,
1600,123,62,31,
1601,221,62,57,
1602,222,62,60,
1603,74,62,1,
1604,75,62,44,
1605,76,62,57,
1606,77,62,58,
1607,128,62,37,
1608,79,62,78,
1609,238,62,15,
1610,224,62,25,
1611,82,62,28,
1612,83,62,24,
1613,137,62,36,
1614,86,62,5,
1615,142,62,40,
1616,89,62,59,
1617,207,63,73,
1618,179,63,78,
1619,167,63,85,
1620,169,63,83,
1621,170,63,5,
1622,156,63,87,
1623,104,63,40,
1624,171,63,88,
1625,172,63,24,
1626,201,63,26,
1627,173,63,31,
1628,174,63,24,
1629,215,63,84,
1630,42,63,37,
1631,176,63,8,
1632,44,63,39,
1633,45,63,40,
1634,46,63,41,
1635,160,63,78,
1636,202,63,47,
1637,161,63,3,
1638,184,63,4,
1639,177,63,24,
1640,52,63,43,
1641,203,63,40,
1642,27,64,18,
1643,90,64,63,
1644,29,64,26,
1645,30,64,6,
1646,146,64,61,
1647,122,64,27,
1648,33,64,50,
1649,70,64,82,
1650,35,64,31,
1651,92,64,65,
1652,93,64,66,
1653,94,64,40,
1654,126,64,24,
1655,40,64,66,
1656,127,64,40,
1657,95,64,19,
1658,43,64,38,
1659,96,64,16,
1660,97,64,32,
1661,81,64,12,
1662,98,64,25,
1663,80,64,26,
1664,49,64,24,
1665,130,64,40,
1666,51,64,40,
1667,148,64,24,
1668,54,64,15,
1669,99,65,67,
1670,2,65,2,
1671,101,65,40,
1672,4,65,4,
1673,5,65,5,
1674,103,65,43,
1675,7,65,7,
1676,241,65,24,
1677,10,65,10,
1678,134,65,7,
1679,12,65,12,
1680,225,65,10,
1681,231,65,59,
1682,111,65,72,
1683,16,65,16,
1684,17,65,17,
1685,18,65,18,
1686,115,65,80,
1687,228,65,67,
1688,21,65,20,
1689,229,65,24,
1690,116,65,74,
1691,23,65,15,
1692,163,65,40,
1693,25,65,23,
1694,179,66,78,
1695,167,66,85,
1696,154,66,43,
1697,155,66,79,
1698,156,66,14,
1699,104,66,40,
1700,105,66,41,
1701,106,66,75,
1702,139,66,24,
1703,173,66,31,
1704,157,66,84,
1705,239,66,75,
1706,240,66,24,
1707,183,66,66,
1708,67,66,23,
1709,114,66,24,
1710,46,66,22,
1711,160,66,78,
1712,48,66,85,
1713,242,66,40,
1714,177,66,24,
1715,186,66,62,
1716,203,66,21,
1717,135,67,24,
1718,90,67,63,
1719,119,67,75,
1720,145,67,74,
1721,146,67,61,
1722,122,67,27,
1723,33,67,50,
1724,70,67,82,
1725,35,67,48,
1726,92,67,65,
1727,147,67,83,
1728,94,67,40,
1729,126,67,24,
1730,40,67,66,
1731,127,67,40,
1732,95,67,19,
1733,43,67,1,
1734,96,67,16,
1735,97,67,79,
1736,81,67,12,
1737,98,67,40,
1738,141,67,75,
1739,49,67,24,
1740,130,67,40,
1741,206,67,24,
1742,223,67,24,
1743,148,67,24,
1744,54,67,15,
1745,187,68,87,
1746,64,68,20,
1747,188,68,89,
1748,66,68,51,
1749,67,68,17,
1750,68,68,38,
1751,69,68,52,
1752,70,68,53,
1753,189,68,67,
1754,72,68,55,
1755,73,68,56,
1756,233,68,34,
1757,191,68,24,
1758,76,68,42,
1759,192,68,86,
1760,193,68,90,
1761,79,68,30,
1762,80,68,60,
1763,234,68,87,
1764,59,68,36,
1765,196,68,50,
1766,85,68,61,
1767,197,68,24,
1768,198,68,2,
1769,88,68,62,
1770,235,68,88,
1771,179,69,78,
1772,167,69,85,
1773,154,69,43,
1774,155,69,79,
1775,156,69,87,
1776,104,69,40,
1777,105,69,41,
1778,106,69,75,
1779,237,69,53,
1780,173,69,31,
1781,157,69,84,
1782,239,69,75,
1783,240,69,24,
1784,183,69,66,
1785,67,69,23,
1786,114,69,24,
1787,160,69,78,
1788,48,69,85,
1789,242,69,40,
1790,177,69,24,
1791,186,69,62,
1792,203,69,21,
1793,152,70,46,
1794,100,70,68,
1795,101,70,40,
1796,102,70,42,
1797,138,70,55,
1798,156,70,44,
1799,104,70,8,
1800,105,70,41,
1801,106,70,24,
1802,139,70,24,
1803,107,70,70,
1804,149,70,61,
1805,109,70,23,
1806,110,70,71,
1807,158,70,85,
1808,112,70,70,
1809,159,70,86,
1810,114,70,69,
1811,46,70,22,
1812,160,70,46,
1813,21,70,11,
1814,229,70,24,
1815,184,70,4,
1816,185,70,24,
1817,163,70,40,
1818,151,70,84,
1819,117,70,20,
1820,63,71,49,
1821,64,71,20,
1822,65,71,50,
1823,120,71,40,
1824,243,71,81,
1825,68,71,38,
1826,220,71,77,
1827,70,71,51,
1828,71,71,54,
1829,123,71,31,
1830,73,71,56,
1831,244,71,13,
1832,74,71,1,
1833,75,71,44,
1834,76,71,57,
1835,77,71,58,
1836,78,71,59,
1837,79,71,78,
1838,238,71,15,
1839,224,71,25,
1840,59,71,36,
1841,83,71,24,
1842,85,71,61,
1843,86,71,5,
1844,142,71,40,
1845,89,71,59,
1846,179,72,78,
1847,167,72,85,
1848,154,72,43,
1849,155,72,79,
1850,156,72,14,
1851,104,72,40,
1852,105,72,41,
1853,106,72,75,
1854,139,72,24,
1855,173,72,31,
1856,157,72,84,
1857,239,72,75,
1858,240,72,24,
1859,183,72,66,
1860,67,72,23,
1861,114,72,24,
1862,46,72,22,
1863,160,72,78,
1864,48,72,85,
1865,242,72,40,
1866,177,72,24,
1867,186,72,62,
1868,203,72,21,
1869,99,73,67,
1870,100,73,68,
1871,101,73,40,
1872,102,73,42,
1873,5,73,5,
1874,103,73,43,
1875,104,73,8,
1876,105,73,69,
1877,106,73,24,
1878,10,73,10,
1879,107,73,70,
1880,108,73,49,
1881,109,73,23,
1882,110,73,71,
1883,111,73,72,
1884,112,73,70,
1885,113,73,73,
1886,114,73,69,
1887,115,73,25,
1888,160,73,46,
1889,21,73,11,
1890,229,73,24,
1891,116,73,74,
1892,185,73,24,
1893,163,73,40,
1894,117,73,20,
1895,187,74,87,
1896,64,74,20,
1897,188,74,89,
1898,66,74,51,
1899,67,74,17,
1900,68,74,38,
1901,69,74,52,
1902,70,74,53,
1903,189,74,67,
1904,72,74,55,
1905,73,74,56,
1906,233,74,34,
1907,191,74,24,
1908,76,74,42,
1909,192,74,86,
1910,193,74,90,
1911,79,74,30,
1912,80,74,60,
1913,234,74,87,
1914,59,74,36,
1915,196,74,50,
1916,22,74,21,
1917,85,74,61,
1918,197,74,24,
1919,198,74,2,
1920,88,74,62,
1921,235,74,88,
1922,179,75,78,
1923,167,75,85,
1924,154,75,43,
1925,155,75,79,
1926,156,75,14,
1927,104,75,40,
1928,105,75,41,
1929,106,75,75,
1930,139,75,24,
1931,182,75,56,
1932,157,75,84,
1933,239,75,75,
1934,240,75,24,
1935,183,75,66,
1936,159,75,86,
1937,114,75,24,
1938,46,75,22,
1939,160,75,78,
1940,48,75,85,
1941,242,75,40,
1942,177,75,24,
1943,186,75,62,
1944,203,75,21,
1945,63,76,49,
1946,64,76,20,
1947,65,76,50,
1948,66,76,51,
1949,67,76,17,
1950,68,76,38,
1951,69,76,52,
1952,70,76,53,
1953,71,76,54,
1954,72,76,55,
1955,73,76,56,
1956,74,76,1,
1957,191,76,24,
1958,76,76,57,
1959,77,76,58,
1960,193,76,90,
1961,79,76,30,
1962,80,76,60,
1963,224,76,25,
1964,59,76,36,
1965,83,76,24,
1966,85,76,61,
1967,245,76,40,
1968,142,76,40,
1969,88,76,62,
1970,89,76,59,
1971,99,77,67,
1972,100,77,68,
1973,101,77,40,
1974,102,77,42,
1975,138,77,55,
1976,103,77,64,
1977,104,77,8,
1978,105,77,41,
1979,106,77,24,
1980,139,77,24,
1981,107,77,70,
1982,149,77,61,
1983,109,77,23,
1984,110,77,71,
1985,158,77,85,
1986,112,77,70,
1987,159,77,86,
1988,114,77,69,
1989,46,77,22,
1990,160,77,46,
1991,21,77,11,
1992,229,77,24,
1993,116,77,74,
1994,185,77,24,
1995,163,77,40,
1996,151,77,84,
1997,117,77,20,
1998,187,78,87,
1999,64,78,20,
2000,188,78,89,
2001,66,78,51,
2002,67,78,17,
2003,6,78,6,
2004,69,78,52,
2005,189,78,67,
2006,56,78,45,
2007,73,78,56,
2008,211,78,58,
2009,190,78,62,
2010,191,78,24,
2011,15,78,15,
2012,192,78,86,
2013,193,78,90,
2014,18,78,48,
2015,80,78,60,
2016,234,78,87,
2017,59,78,36,
2018,196,78,50,
2019,22,78,21,
2020,85,78,61,
2021,197,78,24,
2022,198,78,2,
2023,214,78,13,
2024,199,78,71,
2025,200,79,41,
2026,179,79,78,
2027,167,79,85,
2028,169,79,83,
2029,170,79,5,
2030,156,79,87,
2031,104,79,40,
2032,171,79,88,
2033,106,79,75,
2034,201,79,26,
2035,173,79,31,
2036,246,79,80,
2037,42,79,37,
2038,183,79,66,
2039,205,79,82,
2040,45,79,40,
2041,160,79,78,
2042,48,79,85,
2043,242,79,40,
2044,177,79,24,
2045,186,79,36,
2046,203,79,21,
2047,135,80,24,
2048,144,80,28,
2049,119,80,75,
2050,145,80,74,
2051,236,80,29,
2052,122,80,27,
2053,33,80,71,
2054,70,80,82,
2055,35,80,48,
2056,92,80,65,
2057,124,80,76,
2058,136,80,73,
2059,126,80,24,
2060,127,80,40,
2061,77,80,40,
2062,43,80,1,
2063,96,80,16,
2064,97,80,79,
2065,81,80,18,
2066,129,80,63,
2067,141,80,75,
2068,84,80,2,
2069,130,80,40,
2070,206,80,24,
2071,223,80,24,
2072,148,80,24,
2073,27,81,18,
2074,166,81,9,
2075,29,81,26,
2076,168,81,21,
2077,169,81,83,
2078,32,81,28,
2079,156,81,87,
2080,34,81,30,
2081,171,81,88,
2082,36,81,32,
2083,37,81,33,
2084,38,81,34,
2085,174,81,24,
2086,216,81,62,
2087,217,81,20,
2088,42,81,37,
2089,227,81,92,
2090,44,81,39,
2091,45,81,40,
2092,81,81,12,
2093,47,81,9,
2094,80,81,26,
2095,49,81,24,
2096,50,81,42,
2097,51,81,40,
2098,178,81,57,
2099,187,82,87,
2100,55,82,11,
2101,210,82,24,
2102,4,82,4,
2103,6,82,6,
2104,56,82,45,
2105,11,82,11,
2106,211,82,58,
2107,190,82,62,
2108,14,82,14,
2109,15,82,15,
2110,192,82,86,
2111,212,82,76,
2112,18,82,48,
2113,19,82,6,
2114,234,82,87,
2115,21,82,54,
2116,213,82,89,
2117,22,82,21,
2118,23,82,15,
2119,197,82,24,
2120,198,82,2,
2121,214,82,13,
2122,199,82,71,
2123,99,83,67,
2124,100,83,68,
2125,101,83,40,
2126,102,83,42,
2127,5,83,5,
2128,103,83,43,
2129,7,83,7,
2130,105,83,69,
2131,10,83,10,
2132,107,83,70,
2133,108,83,49,
2134,225,83,10,
2135,231,83,59,
2136,111,83,72,
2137,112,83,70,
2138,17,83,17,
2139,114,83,69,
2140,115,83,80,
2141,160,83,46,
2142,21,83,2,
2143,229,83,24,
2144,116,83,74,
2145,185,83,24,
2146,163,83,40,
2147,27,84,18,
2148,90,84,63,
2149,29,84,26,
2150,30,84,6,
2151,146,84,61,
2152,91,84,64,
2153,33,84,50,
2154,70,84,82,
2155,35,84,31,
2156,92,84,65,
2157,93,84,66,
2158,94,84,40,
2159,39,84,35,
2160,40,84,66,
2161,41,84,21,
2162,95,84,19,
2163,43,84,38,
2164,96,84,16,
2165,97,84,32,
2166,81,84,12,
2167,98,84,40,
2168,80,84,26,
2169,49,84,24,
2170,130,84,40,
2171,51,84,40,
2172,53,84,44,
2173,54,84,15,
2174,1,85,1,
2175,55,85,11,
2176,210,85,24,
2177,4,85,4,
2178,6,85,6,
2179,8,85,8,
2180,56,85,45,
2181,11,85,11,
2182,211,85,58,
2183,190,85,62,
2184,14,85,14,
2185,15,85,15,
2186,16,85,16,
2187,212,85,76,
2188,18,85,48,
2189,19,85,19,
2190,20,85,1,
2191,21,85,54,
2192,213,85,89,
2193,116,85,74,
2194,23,85,15,
2195,247,85,27,
2196,214,85,13,
2197,199,85,71,
2198,99,86,67,
2199,100,86,68,
2200,101,86,40,
2201,4,86,4,
2202,5,86,5,
2203,103,86,43,
2204,7,86,7,
2205,241,86,24,
2206,10,86,10,
2207,134,86,7,
2208,12,86,12,
2209,225,86,10,
2210,231,86,59,
2211,111,86,72,
2212,16,86,16,
2213,17,86,17,
2214,114,86,69,
2215,115,86,80,
2216,160,86,46,
2217,21,86,2,
2218,229,86,24,
2219,116,86,68,
2220,185,86,24,
2221,163,86,40,
2222,25,86,23,
2223,135,87,24,
2224,90,87,63,
2225,119,87,75,
2226,145,87,74,
2227,146,87,61,
2228,122,87,27,
2229,33,87,50,
2230,70,87,82,
2231,35,87,48,
2232,92,87,65,
2233,147,87,83,
2234,94,87,40,
2235,126,87,24,
2236,40,87,66,
2237,127,87,40,
2238,95,87,19,
2239,43,87,1,
2240,96,87,16,
2241,97,87,32,
2242,81,87,18,
2243,98,87,40,
2244,141,87,75,
2245,84,87,2,
2246,130,87,40,
2247,206,87,24,
2248,223,87,24,
2249,148,87,24,
2250,54,87,15,
2251,135,88,24,
2252,248,88,91,
2253,119,88,75,
2254,120,88,40,
2255,236,88,29,
2256,122,88,27,
2257,33,88,71,
2258,70,88,82,
2259,35,88,48,
2260,92,88,65,
2261,124,88,76,
2262,136,88,73,
2263,126,88,74,
2264,127,88,19,
2265,77,88,40,
2266,43,88,1,
2267,79,88,78,
2268,97,88,79,
2269,81,88,18,
2270,129,88,63,
2271,83,88,24,
2272,84,88,2,
2273,130,88,40,
2274,206,88,24,
2275,223,88,24,
2276,131,88,14,
2277,27,89,18,
2278,132,89,40,
2279,29,89,26,
2280,30,89,6,
2281,31,89,27,
2282,91,89,64,
2283,33,89,50,
2284,34,89,30,
2285,35,89,31,
2286,36,89,32,
2287,93,89,66,
2288,94,89,40,
2289,39,89,35,
2290,40,89,36,
2291,41,89,21,
2292,95,89,19,
2293,43,89,38,
2294,44,89,39,
2295,97,89,32,
2296,81,89,12,
2297,47,89,9,
2298,80,89,26,
2299,49,89,24,
2300,50,89,43,
2301,51,89,40,
2302,53,89,44,
2303,54,89,24,
2304,187,90,87,
2305,55,90,11,
2306,210,90,24,
2307,249,90,91,
2308,6,90,6,
2309,56,90,45,
2310,11,90,11,
2311,211,90,58,
2312,190,90,62,
2313,191,90,24,
2314,15,90,15,
2315,192,90,86,
2316,212,90,76,
2317,18,90,48,
2318,80,90,60,
2319,234,90,87,
2320,21,90,54,
2321,213,90,89,
2322,22,90,21,
2323,23,90,15,
2324,24,90,22,
2325,198,90,2,
2326,214,90,13,
2327,199,90,71,
2328,99,91,67,
2329,2,91,2,
2330,101,91,40,
2331,4,91,4,
2332,5,91,5,
2333,103,91,43,
2334,7,91,7,
2335,241,91,24,
2336,10,91,10,
2337,134,91,7,
2338,12,91,12,
2339,225,91,10,
2340,231,91,59,
2341,111,91,72,
2342,16,91,16,
2343,17,91,17,
2344,18,91,18,
2345,115,91,80,
2346,160,91,46,
2347,21,91,20,
2348,229,91,24,
2349,162,91,51,
2350,23,91,15,
2351,163,91,40,
2352,25,91,23,
2353,187,92,87,
2354,55,92,11,
2355,210,92,24,
2356,66,92,51,
2357,250,92,24,
2358,6,92,6,
2359,9,92,33,
2360,56,92,45,
2361,11,92,11,
2362,211,92,58,
2363,190,92,62,
2364,191,92,24,
2365,15,92,15,
2366,192,92,86,
2367,193,92,90,
2368,18,92,48,
2369,80,92,60,
2370,234,92,87,
2371,21,92,54,
2372,213,92,89,
2373,22,92,21,
2374,23,92,15,
2375,24,92,22,
2376,198,92,2,
2377,214,92,13,
2378,199,92,71,
2379,135,93,24,
2380,144,93,28,
2381,119,93,75,
2382,145,93,74,
2383,146,93,61,
2384,122,93,27,
2385,33,93,71,
2386,70,93,82,
2387,35,93,48,
2388,92,93,65,
2389,124,93,76,
2390,136,93,73,
2391,126,93,24,
2392,40,93,66,
2393,127,93,40,
2394,77,93,40,
2395,43,93,1,
2396,96,93,16,
2397,97,93,79,
2398,81,93,18,
2399,129,93,63,
2400,83,93,24,
2401,84,93,2,
2402,130,93,40,
2403,206,93,24,
2404,87,93,3,
2405,148,93,24,
2406,54,93,15,
2407,135,94,24,
2408,118,94,27,
2409,119,94,75,
2410,120,94,40,
2411,121,94,24,
2412,122,94,27,
2413,33,94,71,
2414,70,94,51,
2415,71,94,35,
2416,123,94,31,
2417,124,94,76,
2418,136,94,73,
2419,126,94,74,
2420,127,94,19,
2421,77,94,40,
2422,43,94,1,
2423,79,94,78,
2424,97,94,79,
2425,81,94,18,
2426,82,94,28,
2427,83,94,24,
2428,84,94,2,
2429,137,94,36,
2430,206,94,24,
2431,87,94,3,
2432,131,94,14,
2433,99,95,67,
2434,2,95,2,
2435,101,95,40,
2436,4,95,4,
2437,5,95,5,
2438,103,95,43,
2439,7,95,7,
2440,241,95,24,
2441,10,95,10,
2442,134,95,7,
2443,12,95,12,
2444,225,95,10,
2445,231,95,59,
2446,111,95,72,
2447,16,95,16,
2448,17,95,17,
2449,18,95,18,
2450,115,95,80,
2451,160,95,46,
2452,21,95,20,
2453,161,95,3,
2454,162,95,51,
2455,23,95,15,
2456,163,95,40,
2457,25,95,23,
2458,63,96,49,
2459,64,96,20,
2460,65,96,50,
2461,120,96,40,
2462,121,96,24,
2463,68,96,38,
2464,220,96,77,
2465,70,96,51,
2466,71,96,54,
2467,123,96,31,
2468,73,96,56,
2469,244,96,13,
2470,74,96,1,
2471,75,96,44,
2472,76,96,57,
2473,77,96,58,
2474,78,96,59,
2475,79,96,78,
2476,238,96,15,
2477,224,96,25,
2478,59,96,36,
2479,83,96,24,
2480,85,96,61,
2481,245,96,40,
2482,142,96,40,
2483,89,96,59,
2484,187,97,87,
2485,55,97,11,
2486,210,97,24,
2487,66,97,51,
2488,250,97,24,
2489,6,97,6,
2490,9,97,33,
2491,56,97,45,
2492,11,97,11,
2493,211,97,58,
2494,190,97,62,
2495,191,97,24,
2496,15,97,15,
2497,192,97,86,
2498,193,97,90,
2499,18,97,48,
2500,80,97,60,
2501,234,97,87,
2502,21,97,54,
2503,213,97,89,
2504,22,97,21,
2505,23,97,15,
2506,24,97,22,
2507,198,97,2,
2508,214,97,13,
2509,199,97,71,
2510,63,98,49,
2511,118,98,27,
2512,219,98,24,
2513,120,98,40,
2514,121,98,24,
2515,91,98,22,
2516,220,98,77,
2517,70,98,51,
2518,71,98,35,
2519,123,98,31,
2520,221,98,57,
2521,222,98,60,
2522,74,98,1,
2523,76,98,57,
2524,77,98,40,
2525,128,98,37,
2526,79,98,78,
2527,97,98,79,
2528,194,98,49,
2529,82,98,28,
2530,83,98,24,
2531,137,98,36,
2532,86,98,5,
2533,251,98,52,
2534,89,98,59,
2535,187,99,87,
2536,64,99,20,
2537,188,99,89,
2538,66,99,51,
2539,67,99,17,
2540,68,99,38,
2541,69,99,52,
2542,70,99,53,
2543,71,99,54,
2544,72,99,55,
2545,73,99,56,
2546,233,99,34,
2547,191,99,24,
2548,76,99,42,
2549,77,99,58,
2550,193,99,90,
2551,79,99,30,
2552,80,99,60,
2553,234,99,87,
2554,59,99,36,
2555,196,99,92,
2556,22,99,21,
2557,85,99,61,
2558,197,99,24,
2559,198,99,2,
2560,88,99,62,
2561,235,99,88,
2562,187,100,87,
2563,55,100,11,
2564,188,100,89,
2565,66,100,51,
2566,67,100,17,
2567,6,100,6,
2568,69,100,52,
2569,189,100,67,
2570,56,100,45,
2571,73,100,56,
2572,211,100,58,
2573,190,100,62,
2574,191,100,24,
2575,15,100,15,
2576,192,100,86,
2577,193,100,90,
2578,18,100,48,
2579,80,100,60,
2580,234,100,87,
2581,21,100,54,
2582,196,100,92,
2583,22,100,21,
2584,23,100,15,
2585,197,100,24,
2586,198,100,2,
2587,214,100,13,
2588,199,100,71,
2589,63,101,49,
2590,64,101,20,
2591,65,101,50,
2592,66,101,51,
2593,243,101,81,
2594,68,101,38,
2595,220,101,77,
2596,70,101,51,
2597,71,101,54,
2598,123,101,31,
2599,73,101,56,
2600,244,101,13,
2601,74,101,1,
2602,75,101,44,
2603,76,101,57,
2604,77,101,58,
2605,78,101,59,
2606,79,101,78,
2607,80,101,60,
2608,194,101,49,
2609,59,101,36,
2610,83,101,24,
2611,85,101,61,
2612,197,101,24,
2613,251,101,52,
2614,89,101,59,
2615,27,102,18,
2616,90,102,63,
2617,29,102,26,
2618,30,102,6,
2619,31,102,27,
2620,91,102,64,
2621,33,102,50,
2622,34,102,30,
2623,35,102,31,
2624,36,102,32,
2625,93,102,66,
2626,94,102,40,
2627,39,102,35,
2628,40,102,36,
2629,41,102,21,
2630,95,102,19,
2631,43,102,38,
2632,44,102,39,
2633,97,102,32,
2634,81,102,12,
2635,129,102,63,
2636,80,102,26,
2637,49,102,24,
2638,130,102,40,
2639,51,102,40,
2640,53,102,44,
2641,54,102,24,
2642,187,103,87,
2643,55,103,11,
2644,210,103,24,
2645,4,103,4,
2646,6,103,6,
2647,8,103,8,
2648,56,103,45,
2649,11,103,11,
2650,211,103,58,
2651,190,103,62,
2652,14,103,14,
2653,15,103,15,
2654,16,103,16,
2655,212,103,76,
2656,18,103,48,
2657,19,103,19,
2658,234,103,87,
2659,21,103,54,
2660,213,103,89,
2661,22,103,21,
2662,23,103,15,
2663,24,103,22,
2664,198,103,2,
2665,214,103,13,
2666,199,103,71,
2667,187,104,87,
2668,55,104,11,
2669,66,104,51,
2670,67,104,17,
2671,6,104,6,
2672,9,104,33,
2673,56,104,45,
2674,11,104,11,
2675,211,104,58,
2676,190,104,62,
2677,191,104,24,
2678,15,104,15,
2679,192,104,86,
2680,193,104,90,
2681,18,104,48,
2682,80,104,60,
2683,234,104,87,
2684,21,104,20,
2685,213,104,89,
2686,22,104,21,
2687,23,104,15,
2688,197,104,24,
2689,198,104,2,
2690,214,104,13,
2691,199,104,71,
2692,63,105,49,
2693,252,105,54,
2694,65,105,50,
2695,120,105,40,
2696,121,105,24,
2697,68,105,38,
2698,220,105,77,
2699,70,105,51,
2700,71,105,54,
2701,123,105,31,
2702,73,105,56,
2703,222,105,60,
2704,74,105,1,
2705,75,105,44,
2706,76,105,57,
2707,77,105,58,
2708,78,105,59,
2709,79,105,78,
2710,238,105,15,
2711,194,105,49,
2712,82,105,28,
2713,83,105,24,
2714,85,105,61,
2715,197,105,24,
2716,251,105,52,
2717,89,105,59,
2718,63,106,49,
2719,118,106,27,
2720,65,106,50,
2721,120,106,40,
2722,121,106,24,
2723,68,106,38,
2724,220,106,77,
2725,70,106,51,
2726,71,106,54,
2727,123,106,31,
2728,73,106,56,
2729,222,106,60,
2730,74,106,1,
2731,75,106,44,
2732,76,106,57,
2733,77,106,58,
2734,78,106,72,
2735,79,106,78,
2736,238,106,15,
2737,194,106,49,
2738,82,106,28,
2739,83,106,24,
2740,85,106,61,
2741,197,106,24,
2742,251,106,52,
2743,89,106,59,
2744,187,107,87,
2745,64,107,20,
2746,188,107,89,
2747,66,107,51,
2748,67,107,17,
2749,6,107,6,
2750,69,107,52,
2751,189,107,67,
2752,56,107,45,
2753,73,107,56,
2754,211,107,58,
2755,190,107,62,
2756,191,107,24,
2757,15,107,15,
2758,192,107,86,
2759,193,107,90,
2760,18,107,48,
2761,80,107,60,
2762,234,107,87,
2763,59,107,36,
2764,196,107,92,
2765,22,107,21,
2766,85,107,61,
2767,197,107,24,
2768,198,107,2,
2769,214,107,13,
2770,199,107,71,
2771,187,108,87,
2772,64,108,20,
2773,188,108,89,
2774,66,108,51,
2775,67,108,17,
2776,68,108,38,
2777,69,108,52,
2778,70,108,53,
2779,71,108,54,
2780,72,108,55,
2781,73,108,56,
2782,233,108,34,
2783,191,108,24,
2784,76,108,42,
2785,77,108,58,
2786,193,108,90,
2787,79,108,30,
2788,80,108,60,
2789,20,108,1,
2790,59,108,36,
2791,196,108,92,
2792,22,108,21,
2793,85,108,61,
2794,197,108,24,
2795,198,108,2,
2796,88,108,62,
2797,235,108,88,
2798,63,109,49,
2799,118,109,27,
2800,65,109,50,
2801,120,109,40,
2802,121,109,24,
2803,68,109,38,
2804,220,109,77,
2805,70,109,51,
2806,71,109,54,
2807,123,109,31,
2808,73,109,56,
2809,222,109,60,
2810,74,109,1,
2811,75,109,44,
2812,76,109,57,
2813,77,109,58,
2814,128,109,37,
2815,79,109,78,
2816,238,109,15,
2817,194,109,49,
2818,82,109,28,
2819,83,109,24,
2820,85,109,61,
2821,197,109,24,
2822,251,109,52,
2823,89,109,59,
